[
  {
    "model": "main.Category",
    "pk": 1,
    "fields": {
      "name": "Авторское право"
    }
  },
  {
    "model": "main.Course",
    "pk": 1,
    "fields": {
      "author": 1,
      "category": 1,
      "title": "Авторское право на фотографии",
      "description": "Раздел \"Авторское право\" на платформе \"Интеллексиум\" посвящён ключевым аспектам правового регулирования творческих произведений. Здесь вы найдете курсы, которые подробно рассматривают отдельные объекты авторского права, включая фотографии, музыкальные, литературные произведения и другие формы творчества. Вы научитесь понимать, как защитить свои авторские права и эффективно распоряжаться ими.",
      "created_at": "2024-10-08 12:00",
      "updated_at": "2024-10-08 14:25",
      "image_url": "https://static.tildacdn.com/tild3936-3662-4535-b431-383238393464/12.jpg"
    }
  },
  {
    "model": "main.Article",
    "pk": 1,
    "fields": {
      "course": 1,
      "title": "Фотография как объект авторского права",
      "content": ""
    }
  },
  {
    "model": "main.Article",
    "pk": 2,
    "fields": {
      "course": 1,
      "title": "Права фотографа",
      "content": ""
    }
  },
  {
    "model": "main.Article",
    "pk": 3,
    "fields": {
      "course": 1,
      "title": "Ограничения прав на публикацию фото",
      "content": ""
    }
  },
  {
    "model": "main.Article",
    "pk": 4,
    "fields": {
      "course": 1,
      "title": "Ограничения авторских прав на фотографию",
      "content": ""
    }
  },
  {
    "model": "main.Article",
    "pk": 5,
    "fields": {
      "course": 1,
      "title": "Распоряжение авторским правом на фотографию",
      "content": ""
    }
  },
  {
    "model": "main.Article",
    "pk": 6,
    "fields": {
      "course": 1,
      "title": "Защита авторских прав на фотографию",
      "content": ""
    }
  },
  {
    "model": "main.Category",
    "pk": 2,
    "fields": {
      "name": "Защита прав на программное обеспечение "
    }
  },
  {
    "model": "main.Course",
    "pk": 2,
    "fields": {
      "author": 1,
      "category": 2,
      "title": "Компьютерное пиратство",
      "description": "Описание курса \"Компьютерное пиратство\"",
      "created_at": "2024-10-09 08:00",
      "updated_at": "2024-10-09 18:00",
      "image_url": "https://nabludatel.online/wp-content/uploads/2016/12/компьютер-307x307.jpg"
    }
  },
  {
    "model": "main.Category",
    "pk": 3,
    "fields": {
      "name": "Смежные права"
    }
  },
  {
    "model": "main.Category",
    "pk": 4,
    "fields": {
      "name": "Средства индивидуализации"
    }
  },
  {
    "model": "main.Category",
    "pk": 5,
    "fields": {
      "name": "Патентное право"
    }
  }
]